{
    "_ColorR": 1.0,
    "_ColorG": 1.0,
    "_ColorB": 1.0,
    "_RampLevels": 4.0,
    "_LightScalar": 1.399999976158142,
    "_HighColorR": 0.09433960914611817,
    "_HighColorG": 0.01201495062559843,
    "_HighColorB": 0.01201495062559843,
    "_HighIntensity": 1.3899999856948853,
    "_LowColorR": 0.7358490228652954,
    "_LowColorG": 0.7358490228652954,
    "_LowColorB": 0.7358490228652954,
    "_LowIntensity": 1.9800000190734864,
    "_OutlineColorR": 0.0,
    "_OutlineColorG": 0.0,
    "_OutlineColorB": 0.0,
    "_OutlineSize": 8.0,
    "_RimColorR": 1.0,
    "_RimColorG": 1.0,
    "_RimColorB": 1.0,
    "_RimAlpha": 0.0,
    "_RimPower": 0.0,
    "_RimDropOff": 0.0,
    "_FresnelColorR": 1.0,
    "_FresnelColorG": 1.0,
    "_FresnelColorB": 1.0,
    "_FresnelBrightness": 0.0,
    "_FresnelPower": 0.0,
    "_FresnelShadowDropoff": 0.0,
    "_GradYCap": 0.0,
    "_GradIntensity": 0.0
}